change1,change2,term
6.28727070701,6.28727070701,Baseline Model
3.63939107251,3.68146163841,Linear Regression
3.85326558583,3.7448225904,Ridge Regression
3.79189258755,3.7555804203,Random Forest
