change1,change2,term
6.28727070701,6.28727070701,Baseline Model
3.72484615201,3.75978184012,Linear Regression
3.89439132246,3.82679861347,Ridge Regression
3.95049562595,3.82316391277,Random Forest
